Surname,Given Name,Age,Country Code,Number
Lim,ABC,1,65,123456789
Tay,DEF,2,65,123456789
Choo,GHI,3,65,123456789
Lim,JKL,4,65,123456789
Tay,MNO,5,65,123456789
Choo,PQR,6,65,123456789
Lim,STU,7,65,123456789
Tay,VWX,8,65,123456789
Choo,YZ,9,65,123456789
Lim,123,10,65,123456789
Tay,456,11,65,123456789
Choo,789,12,65,123456789
Lim,1,13,65,123456789
Tay,10,14,65,123456789
Choo,11,15,65,123456789
Lim,100,16,65,123456789
Tay,101,17,65,123456789
Choo,110,18,65,123456789
Lim,111,19,65,123456789
Tay,2222,20,65,123456789
